filename,type,size_mb,date_accessed,source_url,licence_or_terms
10.1177_2167702617724424.pdf,PDF,0.9791622161865234,2026-10-01,https://doi.org/10.1177/2167702617724424,Publisher copyright/terms; licence not identified
13415_2024_Article_1183.pdf,PDF,2.0178394317626953,2026-10-01,https://doi.org/10.3758/s13415-024-01183-y,Publisher copyright/terms; licence not identified
13421_2022_Article_1328.pdf,PDF,1.1628808975219727,2026-10-01,https://doi.org/10.3758/s13421-022-01328-9,Publisher copyright/terms; licence not identified
1744-9081-8-35.pdf,PDF,0.26300048828125,2026-10-01,Source URL not identified,Open Access; licence not identified
41235_2020_Article_262.pdf,PDF,1.192056655883789,2026-10-01,https://doi.org/10.1186/s41235-020-00262-1,CC BY 4.0
41598_2022_Article_11749.pdf,PDF,0.9783763885498047,2026-10-01,https://doi.org/10.1038/s41598-022-11749-w,Publisher copyright/terms; licence not identified
Applied Cognitive Psychology - 2016 - Otgaar - The Potential for False Memories is Bigger than What Brewin and Andrews.pdf,PDF,0.05886650085449219,2026-10-01,https://doi.org/10.1002/acp.3262,Creative Commons licence stated
BJDP-35-376.pdf,PDF,0.21228599548339844,2026-10-01,https://doi.org/10.1111/bjdp.12177,Creative Commons licence stated
PMEM_32_2341711.pdf,PDF,2.919208526611328,2026-10-01,https://doi.org/10.1080/09658211.2024.2341711,Creative Commons licence stated
TPPL_31_2206865.pdf,PDF,0.5667104721069336,2026-10-01,https://doi.org/10.1080/13218719.2023,Publisher copyright/terms; licence not identified
]zns1920.pdf,PDF,1.3115081787109375,2026-10-01,https://doi.org/10.1523/JNEUROSCI.1766-19.2020,Publisher copyright/terms; licence not identified
acp-15-4-279.pdf,PDF,0.2590303421020508,2026-10-01,https://doi.org/10.5709/acp-0276-0,Open Access; licence not identified
brainsci-07-00013.pdf,PDF,1.1543521881103516,2026-10-01,https://doi.org/10.3390/brainsci7010013,Publisher copyright/terms; licence not identified
f1000research-3-5904.pdf,PDF,0.6266260147094727,2026-10-01,https://doi.org/10.12688/f1000research.4645.2,Creative Commons licence stated
fpsyg-03-00467.pdf,PDF,0.7236337661743164,2026-10-01,https://doi.org/10.3389/fpsyg.2012.00467,Publisher copyright/terms; licence not identified
fpsyg-08-01207.pdf,PDF,0.5884809494018555,2026-10-01,https://doi.org/10.3389/fpsyg.2017.01207,Publisher copyright/terms; licence not identified
fpsyg-08-02062.pdf,PDF,0.5449504852294922,2026-10-01,https://doi.org/10.3389/fpsyg.2017.02062,Publisher copyright/terms; licence not identified
fpsyg-11-00650.pdf,PDF,0.6063814163208008,2026-10-01,https://doi.org/10.3389/fpsyg.2020.00650,Publisher copyright/terms; licence not identified
fpsyg-13-721961.pdf,PDF,1.474635124206543,2026-10-01,https://doi.org/10.3389/fpsyg.2022.721961,Publisher copyright/terms; licence not identified
fpsyg-13-972004 (1).pdf,PDF,0.40270042419433594,2026-10-01,https://doi.org/10.3389/fpsyg.2022.972004,Creative Commons licence stated
fpsyg-13-972004.pdf,PDF,0.40270042419433594,2026-10-01,https://doi.org/10.3389/fpsyg.2022.972004,Creative Commons licence stated
fpsyg-14-1081528.pdf,PDF,1.113123893737793,2026-10-01,https://doi.org/10.3389/fpsyg.2023.1081528,Creative Commons licence stated
fpsyg-14-1195668.pdf,PDF,0.5432949066162109,2026-10-01,https://doi.org/10.3389/fpsyg.2023.1195668,Open Access; licence not identified
fpsyg-15-1327196.pdf,PDF,0.7956695556640625,2026-10-01,https://doi.org/10.3389/fpsyg.2024.1327196,Creative Commons licence stated
fpsyg-16-1724728.pdf,PDF,0.9628524780273438,2026-10-01,https://doi.org/10.3389/fpsyg.2025.1724728,Creative Commons licence stated
gby011.pdf,PDF,1.7570314407348633,2026-10-01,https://doi.org/10.1093/geronb/gby011,Publisher copyright/terms; licence not identified
jeab-96-03-343 (1).pdf,PDF,0.7414646148681641,2026-10-01,https://doi.org/10.1901/jeab.2011.96-343,Publisher copyright/terms; licence not identified
jeab-96-03-343.pdf,PDF,0.7414646148681641,2026-10-01,https://doi.org/10.1901/jeab.2011.96-343,Publisher copyright/terms; licence not identified
neurosci-10-03-020.pdf,PDF,0.3194923400878906,2026-10-01,https://doi.org/10.3934/Neuroscience.2023020,Publisher copyright/terms; licence not identified
nihms-1003651.pdf,PDF,0.10189247131347656,2026-10-01,https://doi.org/10.1080/13803395.2018.1513453,Publisher copyright/terms; licence not identified
nihms-1025218.pdf,PDF,0.9364242553710938,2026-10-01,https://doi.org/10.1037/abn0000418,Publisher copyright/terms; licence not identified
nihms-1030644.pdf,PDF,0.39508628845214844,2026-10-01,https://doi.org/10.1037/pne0000161,Publisher copyright/terms; licence not identified
nihms-1547642.pdf,PDF,0.8542108535766602,2026-10-01,https://doi.org/10.1017/S1355617720000016,Publisher copyright/terms; licence not identified
nihms-1612392.pdf,PDF,0.6678171157836914,2026-10-01,https://doi.org/10.3758/s13421-020-01068-8,Publisher copyright/terms; licence not identified
nihms-1664500.pdf,PDF,0.06457328796386719,2026-10-01,https://doi.org/10.1080/09658211.2021.1873391,Publisher copyright/terms; licence not identified
nihms-1692016.pdf,PDF,0.8726797103881836,2026-10-01,https://doi.org/10.1037/emo0000590,Publisher copyright/terms; licence not identified
nihms-1780348.pdf,PDF,1.2823314666748047,2026-10-01,https://doi.org/10.1080/13825585.2022.2037500,Publisher copyright/terms; licence not identified
nihms-2058250.pdf,PDF,2.417203903198242,2026-10-01,https://doi.org/10.1016/j.jml.2025.104625,Publisher copyright/terms; licence not identified
nihms-2094808.pdf,PDF,0.43048667907714844,2026-10-01,https://doi.org/10.1016/j.neurobiolaging.2017.10.020,Publisher copyright/terms; licence not identified
nihms-2094820.pdf,PDF,0.7718257904052734,2026-10-01,https://doi.org/10.1016/j.neuroimage.2016.09.005,Publisher copyright/terms; licence not identified
nihms-239606.pdf,PDF,0.7072792053222656,2026-10-01,https://doi.org/10.1016/j.neuropsychologia.2008.11.025,Publisher copyright/terms; licence not identified
nihms-465663.pdf,PDF,0.07191944122314453,2026-10-01,https://doi.org/10.1080/09658211.2013.791322,Publisher copyright/terms; licence not identified
nihms-855857.pdf,PDF,0.42035484313964844,2026-10-01,https://doi.org/10.1016/j.cortex.2017.01.022,Publisher copyright/terms; licence not identified
nihms-977706.pdf,PDF,0.5260295867919922,2026-10-01,https://doi.org/10.1037/dev0000554,Publisher copyright/terms; licence not identified
nihms110239.pdf,PDF,0.8585824966430664,2026-10-01,https://doi.org/10.1162/jocn.2008.20096,Publisher copyright/terms; licence not identified
nihms148490.pdf,PDF,1.2438125610351562,2026-10-01,https://doi.org/10.1037/a0015849,Publisher copyright/terms; licence not identified
nihms310330.pdf,PDF,0.057442665100097656,2026-10-01,https://doi.org/10.1016/j.mehy.2010.11.033,Publisher copyright/terms; licence not identified
nihms581266.pdf,PDF,0.145538330078125,2026-10-01,https://doi.org/10.1177/0956797610371341,Publisher copyright/terms; licence not identified
nihms812820.pdf,PDF,0.9253559112548828,2026-10-01,https://doi.org/10.1037/xlm0000340,Publisher copyright/terms; licence not identified
nihms815717.pdf,PDF,0.15407276153564453,2026-10-01,https://doi.org/10.1016/j.neuropsychologia.2016.08.030,Publisher copyright/terms; licence not identified
nihms906940.pdf,PDF,0.797663688659668,2026-10-01,https://doi.org/10.1037/xge0000381,Publisher copyright/terms; licence not identified
nihms921262.pdf,PDF,0.6058521270751953,2026-10-01,https://doi.org/10.1037/xge0000391,Publisher copyright/terms; licence not identified
nihms982543.pdf,PDF,0.6823339462280273,2026-10-01,https://doi.org/10.1177/0956797613505776,Publisher copyright/terms; licence not identified
pnas.201314373.pdf,PDF,1.0466175079345703,2026-10-01,https://doi.org/10.1073/pnas.1314373110,Publisher copyright/terms; licence not identified
pnas.202026447.pdf,PDF,0.8528356552124023,2026-10-01,https://doi.org/10.1073/pnas.2026447118,Publisher copyright/terms; licence not identified
pone.0057939.pdf,PDF,0.15597057342529297,2026-10-01,https://doi.org/10.1371/journal.pone.0057939,Creative Commons licence stated
s41235-024-00568-4.pdf,PDF,1.1338415145874023,2026-10-01,https://doi.org/10.1186/s41235-024-00568-4,CC BY 4.0
zns7677.pdf,PDF,0.4101428985595703,2026-10-01,https://doi.org/10.1523/JNEUROSCI.0119-14.2014,Publisher copyright/terms; licence not identified
